"CH1","CH2","CH3","CH4","CH5","CH6","CH7","CH8","CH9","CH10","CH11","CH12","CH13","CH14","CH15","CH16","CH17","CH18","CH19","CH20","CH21","CH22","CH23","CH24"
-2.2159,-2.3936,-1.8384,-2.5321,-1.9586,-1.2717,-1.0796,-0.73024,-1.2251,-1.7111,-0.39428,-0.44048,-1.3856,-1.4947,-2.3486,-1.6234,-1.5415,-1.5639,-1.7506,-1.9234,-1.5221,-0.4355,-1.0583,-0.73132
-2.2846,-2.2035,-1.9249,-2.4571,-1.6233,-1.49,-1.0064,-0.65055,-1.2399,-1.49,-0.21721,-0.70654,-1.512,-1.5638,-2.601,-1.5533,-1.6737,-1.4149,-1.6979,-1.9135,-1.4064,-0.49893,-0.94548,-0.65871
-2.2283,-2.2132,-1.8012,-2.1405,-1.5253,-1.4184,-0.9069,-0.63413,-1.1549,-1.4124,-0.15505,-1.0195,-1.5746,-1.5552,-2.5283,-1.3602,-1.5576,-1.2573,-1.5217,-1.5956,-1.2885,-0.45273,-0.88289,-0.54119
-2.0542,-2.1538,-1.5105,-1.8983,-1.4828,-1.2135,-0.95957,-0.48855,-1.0258,-1.2659,-0.04953,-0.86619,-1.5729,-1.485,-2.2463,-1.2186,-1.2782,-1.2591,-1.2736,-1.4544,-1.2519,-0.22272,-0.9123,-0.52468
-1.6644,-1.8753,-1.0784,-1.5932,-1.5763,-0.86383,-0.83047,-0.25375,-0.74981,-1.0302,0.15873,-0.23951,-1.5246,-1.2634,-1.9849,-1.0296,-0.95722,-0.93055,-0.81036,-1.381,-0.92629,-0.05647,-0.5947,-0.24966
-1.5772,-2.0172,-0.86452,-1.482,-1.7329,-0.72102,-0.88417,-0.33594,-0.65843,-0.98378,0.25577,-0.21154,-1.5411,-1.227,-2.0674,-0.92661,-0.91668,-0.72902,-0.65648,-1.2362,-0.81495,-0.040504,-0.45438,-0.24134
-1.6019,-2.11,-0.8769,-1.4353,-1.7766,-0.70997,-0.87918,-0.35185,-0.71286,-1.0126,0.12125,-0.51228,-1.5596,-1.1421,-1.9692,-1.032,-0.92868,-0.71708,-0.63425,-1.1957,-0.83991,-0.12415,-0.55932,-0.22426
-1.7569,-2.193,-1.1325,-1.6021,-1.9099,-0.92767,-0.87991,-0.4337,-0.80057,-1.076,-0.036525,-0.58876,-1.5476,-1.3629,-1.9881,-1.2587,-1.1139,-0.86212,-0.92224,-1.1445,-1.0119,-0.30467,-0.68481,-0.35169
-1.9408,-2.3525,-1.2825,-1.7004,-2.1382,-1.0888,-0.89216,-0.63379,-0.87179,-1.1433,-0.3119,-0.63828,-1.5458,-1.6066,-1.9395,-1.2952,-1.2802,-1.1322,-1.1649,-1.1856,-1.1277,-0.48838,-0.98161,-0.45979
-2.0484,-2.4684,-1.2788,-1.6969,-2.2334,-1.1817,-1.0177,-0.80035,-0.96364,-1.2849,-0.58284,-1.1236,-1.7133,-1.6041,-1.8681,-1.5391,-1.3108,-1.1758,-1.1514,-1.4106,-1.2235,-0.68952,-1.129,-0.6858
-2.0528,-2.5142,-1.3364,-1.6977,-2.3112,-1.2359,-1.0921,-0.8776,-0.98682,-1.29,-0.662,-1.1422,-1.9099,-1.5539,-1.9084,-1.8257,-1.2912,-1.2102,-1.0056,-1.6977,-1.2034,-0.60354,-1.1233,-0.57382
-2.0612,-2.5483,-1.2966,-1.6767,-2.3486,-1.2016,-1.1092,-0.72388,-0.93345,-1.3152,-0.55421,-1.1951,-1.9791,-1.5024,-1.8048,-1.8965,-1.1526,-1.268,-0.88105,-1.6975,-1.1236,-0.42971,-1.0487,-0.45927
-2.052,-2.5966,-1.3253,-1.7219,-2.4542,-1.2142,-1.1301,-0.76089,-0.94338,-1.5097,-0.47299,-1.2426,-1.9834,-1.4333,-1.8067,-1.9419,-1.0551,-1.3172,-0.87432,-1.7634,-1.1514,-0.36694,-1.0219,-0.64942
-2.0367,-2.6623,-1.3518,-1.7888,-2.5769,-1.2677,-1.1379,-0.75181,-0.93357,-1.5785,-0.49127,-1.3074,-1.8857,-1.3785,-1.7493,-1.9224,-0.91618,-1.3193,-0.89165,-1.7635,-1.1193,-0.31268,-0.97559,-0.60651
-1.9979,-2.6421,-1.3204,-1.8055,-2.6458,-1.3028,-1.178,-0.65582,-0.97971,-1.339,-0.40896,-1.2857,-1.7789,-1.3453,-1.6183,-1.8644,-0.80704,-1.3157,-1.0002,-1.5789,-1.1435,-0.39383,-0.95385,-0.48463
-1.879,-2.5192,-1.2692,-1.7387,-2.6557,-1.3166,-1.1502,-0.69023,-1.0568,-1.2619,-0.28787,-1.2232,-1.9209,-1.1556,-1.6237,-1.812,-0.71838,-1.2175,-0.93768,-1.7001,-1.0761,-0.28787,-0.86578,-0.53076
-1.8088,-2.4243,-1.269,-1.547,-2.5321,-1.2598,-1.1206,-0.85894,-1.0837,-1.2101,-0.28545,-1.1609,-1.9271,-1.0723,-1.7091,-1.5278,-0.63261,-1.29,-0.899,-1.6955,-1.0178,-0.40264,-0.86433,-0.4222
-1.6424,-2.1382,-1.1545,-1.348,-2.331,-1.1444,-1.0422,-0.92787,-1.0416,-0.95207,-0.37306,-1.0043,-1.8424,-0.84145,-1.613,-1.4027,-0.57815,-1.1972,-0.76075,-1.6515,-0.87129,-0.41646,-0.69954,-0.46384
-1.3233,-1.6579,-0.93171,-1.0952,-2.1358,-0.98293,-0.87286,-0.79891,-0.90305,-0.8116,-0.41839,-0.96057,-1.7121,-0.64085,-1.4734,-1.2837,-0.51752,-1.0322,-0.62094,-1.544,-0.72365,-0.34709,-0.44445,-0.36364
-1.0242,-1.2859,-0.67083,-0.87169,-1.9996,-0.82513,-0.77477,-0.81917,-0.80457,-0.69019,-0.286,-0.89664,-1.4244,-0.56144,-1.4124,-0.95073,-0.44803,-1.0265,-0.67638,-1.2555,-0.68729,-0.42249,-0.3559,-0.39309
-0.82876,-1.0539,-0.46807,-0.66635,-1.8226,-0.64539,-0.70246,-0.74162,-0.73004,-0.62487,-0.33139,-0.73547,-1.2844,-0.53033,-1.2357,-0.75193,-0.4337,-0.93527,-0.69977,-1.0846,-0.61516,-0.46205,-0.4143,-0.3875
-0.78709,-0.93969,-0.32204,-0.60226,-1.5366,-0.52568,-0.59142,-0.44326,-0.69004,-0.48593,-0.12564,-0.79582,-1.2003,-0.48889,-1.1133,-0.68181,-0.36209,-0.90655,-0.71906,-0.96411,-0.54768,-0.51777,-0.30063,-0.075271
-0.59483,-0.65515,-0.2356,-0.52291,-1.5941,-0.52646,-0.40386,-0.42039,-0.53719,-0.39158,-0.1093,-0.60389,-1.1772,-0.51874,-1.1876,-0.61998,-0.45038,-0.85009,-0.73551,-0.99503,-0.48615,-0.40131,-0.17639,-0.07588
-0.50321,-0.5785,-0.24986,-0.56714,-1.9134,-0.41225,-0.33748,-0.35272,-0.40328,-0.47554,-0.030498,-0.50332,-1.2422,-0.55292,-1.5105,-0.66594,-0.49202,-0.8128,-0.69068,-1.0728,-0.4614,-0.43622,-0.22429,-0.0034953
-0.80311,-0.90567,-0.25837,-0.83575,-1.6275,-0.39003,-0.596,-0.27253,-0.41576,-0.55032,0.034453,-0.4888,-1.3697,-0.56865,-1.4311,-0.92575,-0.52639,-0.93657,-0.75841,-1.2952,-0.57621,-0.25105,-0.25477,-0.067741
-0.71322,-0.84358,-0.39935,-0.74149,-1.7788,-0.53467,-0.70045,-0.35747,-0.47395,-0.68173,0.027873,-0.58771,-1.5292,-0.66886,-1.8381,-1.0565,-0.69261,-0.88306,-0.77771,-1.4701,-0.59705,-0.41194,-0.36643,-0.13067
-0.5589,-0.70053,-0.57454,-0.59727,-1.9644,-0.63938,-0.62722,-0.41548,-0.54076,-0.67261,-0.035027,-0.79028,-1.6587,-0.74104,-2.4259,-0.99918,-0.82926,-0.62838,-0.53367,-1.5965,-0.37953,-0.56399,-0.46066,-0.22846
-0.47572,-0.41469,-0.5758,-0.34632,-1.9665,-0.60936,-0.52494,-0.35883,-0.57514,-0.55168,-0.20596,-0.63965,-1.6323,-0.71975,-1.8092,-1.1102,-0.71961,-0.69127,-0.59294,-1.4616,-0.48213,-0.57329,-0.45351,-0.47444
-0.58793,-0.50246,-0.40681,-0.30495,-1.4914,-0.4557,-0.51753,-0.27698,-0.46034,-0.42147,-0.1762,-0.41993,-1.3895,-0.49761,-1.5423,-0.89376,-0.49182,-0.41734,-0.3039,-1.2609,-0.26006,-0.46764,-0.31694,-0.2741
-0.48206,-0.32072,-0.2804,-0.23144,-1.0542,-0.26865,-0.32574,-0.20725,-0.23942,-0.29527,-0.04046,-0.19402,-1.1895,-0.39108,-0.99442,-0.75484,-0.27797,-0.29783,-0.35053,-0.87653,-0.16576,-0.46899,-0.016823,-0.018612
-0.42476,-0.19086,-0.29578,-0.30092,-0.77458,-0.27648,-0.28111,-0.15854,-0.20082,-0.24116,-0.044095,-0.16878,-1.1371,-0.3587,-0.50516,-0.7254,-0.37187,-0.17478,-0.49043,-0.52311,-0.1023,-0.48345,0.22566,0.14301
-0.41501,-0.011706,-0.23732,-0.22352,-0.37164,-0.27393,-0.32731,-0.17215,-0.27083,-0.2468,-0.031496,-0.40584,-0.90441,-0.351,-0.17779,-0.57667,-0.31794,-0.19743,-0.46837,-0.31925,-0.079016,-0.30132,0.20993,0.12586
-0.39371,0.11129,-0.13164,-0.0013128,0.27648,-0.23371,-0.31599,-0.09033,-0.25288,-0.16773,-0.032488,-0.36235,-0.57721,-0.30514,0.067145,-0.23688,-0.026958,-0.29089,-0.54146,0.12412,-0.014478,-0.13401,0.35025,0.090282
-0.36911,0.2443,-0.039867,0.10246,0.60078,-0.21889,-0.23467,-0.070223,-0.17691,-0.20962,-0.1326,-0.57139,-0.46807,-0.068078,0.36892,-0.027856,0.19489,-0.31935,-0.40729,0.22592,0.10884,-0.054236,0.3978,0.11692
-0.10073,0.29062,0.065057,0.23093,0.83418,-0.01327,-0.23733,0.10631,-0.0023289,-0.10923,0.030116,-0.52465,-0.24848,0.21414,0.64182,0.12559,0.4588,-0.10059,-0.30335,0.34805,0.2611,0.068418,0.60681,0.42611
0.33993,0.46263,0.53724,0.47579,0.9025,0.28563,-0.0040942,0.43412,0.15245,0.050819,0.1854,-0.29315,-0.045525,0.6396,0.90425,0.42753,0.95346,0.067635,0.15638,0.50732,0.45797,0.3597,0.80507,0.73542
1.1663,0.97503,1.3268,1.0083,0.78942,0.85103,0.59137,0.80994,0.76864,0.42046,0.60987,0.30721,0.79783,1.4917,1.054,1.1356,1.6078,0.64546,0.77671,0.82112,1.0066,0.78955,1.3426,1.1253
1.8086,1.1709,1.9532,1.4247,0.95326,1.383,1.015,1.2113,1.299,0.80152,0.82562,0.46269,1.1445,2.0235,1.324,1.4843,2.3363,0.82197,1.1894,1.3517,1.3112,1.1684,1.6513,1.2848
1.7249,0.92532,1.9399,1.4305,1.2954,1.7738,1.1508,1.4066,1.502,1.1019,0.83892,0.80419,1.1416,1.9287,1.3854,1.5296,2.4039,0.79465,1.3697,1.6954,1.415,1.5813,1.5436,1.426
1.9276,1.1221,2.0622,1.4855,1.6658,1.9789,1.1137,1.4887,1.6347,1.3321,0.93483,1.2,1.3551,1.9612,1.5265,1.5863,2.2319,1.0465,1.4724,1.9601,1.5042,1.5668,1.6761,1.4941
2.6391,2.0536,2.1033,2.3203,1.9588,2.1337,1.3575,1.6105,1.8618,1.6755,1.2207,1.2445,1.5947,2.1029,1.7737,1.7662,2.332,1.2501,1.7658,2.2182,1.6664,1.7112,1.6715,1.7461
3.1249,2.4696,2.3837,2.7,1.9794,2.4384,1.7817,1.7747,2.1211,1.9643,1.4774,1.6611,1.9076,2.2549,2.1062,2.0225,2.6339,1.6172,1.9789,2.4366,1.9484,1.8326,1.7663,1.9166
3.0388,2.699,2.4983,2.489,2.3389,2.5874,2.0605,2.0306,2.2496,2.1142,1.6656,1.9303,2.1162,2.2968,2.6175,2.0805,2.8156,1.6735,2.1453,2.5438,2.0335,1.8971,1.887,2.0249
3.275,3.4116,2.7462,2.8596,2.9484,2.7161,2.1136,2.2154,2.3665,2.1376,1.7156,2.0528,2.3091,2.454,3.0398,2.2053,2.7786,1.5723,2.1028,2.7966,2.095,1.917,1.9729,2.0083
3.5497,4.0712,2.7418,3.1427,3.5758,2.7858,2.3944,2.104,2.3109,2.3668,1.6073,2.3302,2.7018,2.8014,3.2781,2.3319,2.8343,1.7646,2.2274,3.1173,2.1205,1.7776,1.8272,1.7455
3.6492,4.558,2.6621,3.1562,4.1352,2.6593,2.6221,1.9645,2.3051,2.5916,1.4814,2.3447,3.0006,3.1207,3.317,2.4454,2.842,1.9801,2.2498,3.2888,2.0645,1.578,1.7849,1.4612
3.7125,4.7928,2.6758,3.1199,4.4958,2.6394,2.6354,1.8867,2.3679,2.7228,1.5178,2.644,3.2887,3.5023,3.353,2.5778,2.9878,2.1332,2.3658,3.2703,2.059,1.6317,1.8041,1.1651
3.6677,4.7112,2.6027,3.0749,4.3748,2.5076,2.4811,1.7306,2.0844,2.4026,0.96237,2.2521,3.0677,3.6029,3.3601,2.5384,2.9272,2.0476,2.2966,2.9519,1.9344,1.5079,1.7636,1.1484
3.7034,4.7034,2.7809,3.08,4.0385,2.3264,2.3579,1.5446,1.7359,2.2736,0.54249,2.0397,3.2173,3.6807,2.8018,2.5888,2.8762,1.9261,2.7745,2.7728,1.8996,1.4889,1.0695,1.2782
3.2174,4.5253,1.9938,2.7477,3.7074,1.9728,2.2353,1.0252,1.4182,2.1697,0.18324,1.6618,3.3648,3.4772,2.1939,2.4881,2.1482,2.6238,2.7614,2.7127,1.889,1.1784,1.2416,0.67627
2.8446,4.3731,1.4061,2.6363,3.8084,1.6235,2.0392,0.62322,1.1477,1.9533,-0.19272,1.0936,3.164,3.0344,2.1709,2.2784,1.3926,2.8062,2.227,2.6287,1.6641,0.7385,1.3067,0.39493
2.5075,3.9961,1.2906,2.3859,3.6009,1.3221,1.7033,0.38754,0.99813,1.6231,-0.5242,0.97477,3.0154,2.635,2.331,1.8981,1.1333,2.3476,1.6919,2.2806,1.2208,0.449,0.69424,0.35429
2.0688,3.2964,0.88665,1.8906,3.2117,0.88223,1.2664,-0.053506,0.56843,1.0793,-0.83727,0.51371,2.6641,2.111,2.0089,1.5115,0.62517,2.0586,1.2824,1.7382,0.86137,0.25738,0.51196,0.20791
1.684,2.9098,0.4607,1.4154,3.1645,0.53622,0.84273,-0.26476,0.18907,0.79374,-1.0307,0.052762,2.2754,1.609,1.7072,1.1456,0.22603,1.5681,0.78505,1.207,0.40049,-0.080388,0.11074,-0.32266
1.3348,2.5743,0.16189,0.94092,3.1397,0.16508,0.60709,-0.57814,-0.030564,0.54298,-1.1772,0.049975,1.9602,1.1086,1.8185,0.77924,-0.1097,1.1397,0.33307,0.94133,-0.0033305,-0.3929,-0.27231,-0.65278
1.0339,2.3486,-0.093575,0.69598,2.9973,-0.17832,0.37035,-0.83423,-0.24398,0.41025,-1.2206,-0.074502,1.5737,0.56021,1.8588,0.54347,-0.55766,1.0515,0.15896,0.5159,-0.01883,-0.62002,-0.3008,-0.8303
0.88879,2.2549,-0.24716,0.69398,2.8992,-0.25599,0.37225,-0.87232,-0.29546,0.39214,-1.2354,-0.12737,1.3114,0.3732,1.9025,0.44016,-0.7434,1.0056,0.055684,0.30696,-0.12823,-0.81425,-0.34335,-0.89527
1.0933,2.3768,-0.13758,0.76469,3.367,-0.14382,0.39072,-0.75443,-0.18751,0.47582,-1.1161,-0.011504,1.5332,0.33234,1.9568,0.63376,-0.77693,0.84556,0.050003,0.33721,-0.16912,-0.76976,-0.30171,-0.68368
1.4298,2.5311,0.11246,0.91798,3.4017,0.029671,0.46009,-0.57459,-0.092691,0.59053,-0.93163,-0.16299,1.675,0.45574,1.8976,0.82692,-0.61701,0.8598,0.24859,0.29103,-0.057937,-0.60286,-0.12083,-0.89704
1.3883,2.4278,0.14474,0.87964,3.0704,0.075169,0.48675,-0.59902,-0.050637,0.5733,-0.82887,-0.080015,1.4603,0.40222,1.6653,0.85036,-0.56662,0.86277,0.33076,0.22567,0.020823,-0.56962,-0.058917,-0.84162
1.2536,2.1451,0.15679,0.88146,2.7443,0.15126,0.52317,-0.40612,-0.083034,0.63164,-0.69447,0.010618,1.3293,0.40056,1.4639,0.88585,-0.44067,0.75712,0.37447,-0.00046774,0.041566,-0.41304,0.0087003,-0.85111
1.2027,1.8723,0.27889,0.94975,2.4682,0.32715,0.71176,-0.27051,0.0022299,0.53727,-0.63778,0.10792,1.1804,0.46169,1.1183,0.84253,-0.28369,0.74521,0.46175,-0.26137,0.14064,-0.25409,0.016646,-0.7544
1.1847,1.7311,0.36855,0.97596,2.1603,0.361,0.70172,-0.20379,0.064398,0.34148,-0.54396,0.19544,1.0565,0.44472,0.84527,0.75654,-0.19845,0.60211,0.37446,-0.40718,0.063021,-0.17005,0.036188,-0.32258
1.0011,1.4555,0.30713,0.82823,1.9535,0.27354,0.50222,-0.19741,-0.0094861,0.40693,-0.66792,0.28047,0.95228,0.31482,1.0052,0.60167,-0.22341,0.47112,0.22035,-0.51326,-0.06594,-0.27663,-0.18413,-0.71637
0.83293,1.1965,0.23449,0.73355,1.7122,0.15834,0.37908,-0.23038,-0.071158,0.40101,-0.60553,-0.082216,0.86159,0.14942,0.91554,0.48854,-0.29813,0.46234,0.0040682,-0.57224,-0.07537,-0.29297,-0.20333,-0.60743
0.87412,1.139,0.26588,0.96502,1.7366,0.10998,0.35809,-0.13595,-0.11305,0.41114,-0.59246,-0.15643,0.786,0.036731,0.86942,0.40858,-0.17603,0.21343,-0.23526,-0.31903,-0.03849,-0.34839,-0.1662,-0.54183
0.8591,1.0261,0.3482,0.98084,1.6879,0.17488,0.35414,-0.06306,-0.12001,0.45946,-0.50513,-0.021886,0.82264,0.0072568,1.1687,0.30986,-0.040846,0.055365,-0.38826,-0.092143,-0.05484,-0.37518,-0.11022,-0.52306
0.8781,1.0311,0.58702,0.964,1.6887,0.33744,0.35776,0.11265,-0.10656,0.51976,-0.3846,0.1359,0.81453,0.052093,1.3506,0.39058,0.063083,0.24741,-0.26874,0.13196,0.090107,-0.19906,0.094825,-0.33454
0.78125,0.80487,0.70142,0.88317,1.7664,0.31537,0.30211,0.14125,-0.064904,0.48745,-0.24484,0.12509,0.84053,0.0017434,1.447,0.45159,0.20487,0.26843,-0.19796,0.40441,0.19365,-0.09279,0.22895,-0.17749
0.74353,0.70129,0.82436,0.71498,1.6324,0.34495,0.24563,0.18165,0.015382,0.59414,-0.13408,0.1741,0.90983,0.051765,1.5124,0.60578,0.34867,0.29381,0.010525,0.51251,0.30838,0.14933,0.3018,0.14292
0.95011,0.64766,1.0239,0.76572,1.318,0.44616,0.19641,0.27399,0.11198,0.61449,-0.077874,0.2697,1.0862,0.24322,1.5135,0.79282,0.55835,0.31115,0.23202,0.72779,0.42206,0.17167,0.39313,0.13002
1.1822,0.44927,1.2492,0.84745,1.3191,0.65037,0.31591,0.36611,0.37367,0.68488,0.23857,0.83124,1.2772,0.43464,1.5518,0.94045,0.81892,0.38454,0.38007,0.95341,0.66268,0.2106,0.60185,0.23631
1.4003,0.55359,1.4802,0.89134,1.5334,0.96966,0.51257,0.68258,0.71029,0.86882,0.39389,1.1848,1.4603,0.71655,1.5989,1.1273,1.1455,0.54598,0.671,1.0708,1.0081,0.34499,0.80623,0.33109
1.7233,0.76496,1.8888,1.1005,1.5762,1.3017,0.71726,1.0167,1.1781,1.1513,0.93763,1.7166,1.685,1.1115,1.7316,1.4616,1.5789,0.7707,1.0002,1.3485,1.3564,0.61879,1.1475,0.69996
1.9966,1.0327,2.1881,1.1684,1.3148,1.4996,1.2701,1.2393,1.6719,1.5751,1.2053,2.4152,1.6776,1.2534,1.49,1.6489,1.7063,1.0572,1.3738,1.4208,1.5293,0.90062,1.2501,1.0136
2.1138,1.0377,2.145,1.3116,1.2874,1.6691,1.5394,1.4149,1.9359,1.8613,1.4962,2.6572,1.6494,1.3384,1.3828,1.7636,1.7459,1.1501,1.6282,1.4723,1.6852,1.152,1.2562,1.3215
2.6811,1.5118,2.2346,2.0843,1.6392,1.9503,1.4734,1.655,1.9721,2.0203,1.6609,2.4881,1.9959,1.6984,1.7092,2.0656,1.9525,1.1301,1.8777,1.6722,1.9417,1.3407,1.3443,1.3734
3.1306,1.9485,2.3428,2.5701,1.8165,2.2135,1.7023,1.7411,2.1262,2.2209,1.9009,2.4936,2.286,2.1787,1.892,2.3171,2.2901,1.2876,2.153,1.8889,2.061,1.4763,1.5629,1.7644
2.6454,1.8717,2.1411,2.2401,2.0127,2.1194,1.7188,1.7041,2.2493,2.1774,2.071,2.8246,2.4608,2.1257,2.1037,2.2892,2.2359,1.4126,2.073,2.1558,2.1152,1.4566,1.6041,1.4673
2.2472,1.8179,1.9725,2.0145,2.075,2.029,1.5944,1.6132,2.2682,2.1054,1.9554,2.5783,2.5517,1.8164,2.1866,2.1307,2.0326,1.345,2.0866,2.1698,2.0283,1.2998,1.4471,1.2416
2.016,1.8537,1.7275,1.9203,2.2265,1.769,1.3435,1.3472,2.0473,1.8155,1.5213,2.2174,2.3865,1.6073,2.2144,1.9257,1.8277,1.2655,1.9697,2.0555,1.9392,1.1122,1.4552,1.0791
1.3503,1.7342,1.0709,1.4752,2.1709,1.2085,1.2078,0.86601,1.6022,1.5446,0.85381,1.4937,2.0473,1.1728,2.0684,1.4683,1.3343,1.2425,1.3845,2.1111,1.6733,0.70728,1.3635,1.0505
0.6191,1.107,0.42735,1.2084,1.6957,0.91741,0.64413,0.60766,1.2152,1.0801,0.60489,0.95962,1.3439,0.65996,1.2446,0.93365,0.48335,1.0086,0.4586,1.8349,1.368,0.036863,1.2272,0.8375
0.30707,0.72931,0.029047,0.72992,1.6365,0.52956,0.16616,0.23256,0.6702,0.87922,0.070022,0.81747,0.86919,0.33511,0.84398,0.6091,-0.052419,0.77639,0.15546,1.4077,1.0133,-0.18398,0.79434,0.68282
-0.21115,0.3391,-0.56142,0.12965,1.4323,-0.035107,0.12383,0.0096995,0.23315,0.58074,-0.24797,0.030767,0.32219,-0.15824,0.44063,0.33742,-0.30678,0.16786,-0.10053,0.55615,0.60147,-0.19983,0.41252,0.055382
-0.60097,0.017258,-1.1928,-0.2814,0.84741,-0.40444,0.091263,-0.35814,0.036847,0.365,-0.48023,0.012709,0.28047,-0.459,-0.42946,0.197,-0.83012,0.24401,-0.022232,-0.21239,0.29003,-0.35815,0.25925,-0.166
-0.98966,-0.55173,-1.2766,-0.6225,0.1236,-0.67722,-0.26017,-0.53807,-0.28172,0.0441,-0.65078,-0.18346,-0.057857,-0.78514,-0.86328,0.0094334,-1.0946,0.041762,-0.042278,-0.61519,-0.04354,-0.54882,-0.34427,-0.34381
-1.3464,-0.79451,-1.3941,-0.71788,-0.075586,-0.87925,-0.52067,-0.63993,-0.56296,-0.43896,-0.70681,-0.53557,-0.26292,-1.0773,-0.55551,-0.1145,-1.2082,-0.21828,-0.1288,-0.45772,-0.25264,-0.62757,-0.83448,-0.47609
-1.1739,-0.89313,-1.512,-0.78592,-0.11915,-0.97389,-0.58393,-0.76276,-0.6381,-0.46123,-0.73336,-0.62752,-0.066892,-1.1248,0.16613,-0.13428,-1.4284,-0.038582,-0.34637,0.071787,-0.38184,-0.90077,-0.67835,-0.97228
-1.191,-1.0383,-1.5065,-0.82569,-0.24428,-1.0066,-0.55513,-0.71817,-0.66242,-0.3904,-0.66853,-0.56954,0.13192,-1.0481,0.57329,-0.070159,-1.5387,0.15674,-0.42405,0.6829,-0.43385,-0.91281,-0.69215,-0.76654
-1.2427,-1.1207,-1.4454,-0.93948,-0.51922,-1.0806,-0.66773,-0.7673,-0.72426,-0.45898,-0.59509,-0.78018,0.15674,-1.0372,0.96492,-0.14004,-1.5115,0.2721,-0.52673,1.0627,-0.5442,-1.026,-0.82093,-0.86914
-1.1889,-1.2419,-1.3605,-1.0687,-0.78502,-1.0546,-0.74422,-0.6339,-0.76238,-0.50676,-0.62259,-0.68108,0.16882,-1.0122,1.0919,-0.13149,-1.4365,0.40704,-0.55432,1.2278,-0.6361,-0.98217,-0.93385,-1.044
-1.1882,-1.2476,-1.3251,-1.0363,-1.0032,-1.0522,-0.76899,-0.6526,-0.72774,-0.58632,-0.77078,-0.95276,0.084146,-1.0682,1.0169,-0.18055,-1.2816,0.4162,-0.64253,1.1478,-0.68651,-1.057,-1.0675,-1.1059
-1.3068,-1.4461,-1.4041,-1.1504,-1.238,-1.0608,-0.86137,-0.78834,-0.7012,-0.73489,-0.71748,-0.92929,-0.17932,-1.21,0.80594,-0.26856,-1.2266,0.26936,-0.73099,0.90344,-0.7196,-0.96887,-1.1699,-1.085
-1.3936,-1.7024,-1.421,-1.1992,-1.4089,-1.036,-0.8491,-0.65871,-0.67347,-0.64659,-0.56578,-1.0322,-0.33188,-1.2342,0.58612,-0.20776,-1.1609,0.078188,-0.76997,0.7486,-0.75143,-0.9184,-1.1826,-1.0659
-1.3106,-1.9361,-1.2613,-1.0835,-2.0625,-0.9846,-0.64906,-0.58834,-0.61531,-0.53889,-0.60918,-1.0657,-0.27922,-1.1291,0.26719,-0.10184,-1.0105,0.010995,-0.70244,0.5867,-0.67359,-0.89863,-1.0953,-1.2094
-1.2819,-1.9029,-1.1878,-0.93255,-2.1807,-0.90232,-0.64493,-0.48596,-0.55882,-0.63318,-0.403,-0.66044,-0.3578,-1.0488,0.11893,-0.0013921,-0.86952,-0.024584,-0.63475,0.56709,-0.58272,-0.80555,-1.0539,-0.89947
-1.2146,-1.7932,-1.0477,-0.82652,-2.032,-0.75463,-0.69518,-0.31915,-0.44998,-0.73571,-0.32028,-0.35435,-0.52569,-0.94403,0.094283,0.098127,-0.63546,0.047166,-0.50344,0.67366,-0.4852,-0.63554,-0.96052,-0.57385
-1.1753,-1.8161,-0.84583,-0.8496,-2.1174,-0.63146,-0.81117,-0.20136,-0.38188,-0.79508,-0.29138,-0.30823,-0.62892,-0.81525,-0.041556,0.19337,-0.37554,0.16587,-0.36623,0.65989,-0.32573,-0.478,-0.80466,-0.52792
-1.2336,-1.8859,-0.84319,-0.9766,-2.2795,-0.7143,-0.89294,-0.3078,-0.47699,-0.78615,-0.26416,-0.41169,-0.75378,-0.83364,-0.3131,0.10988,-0.3898,-0.019738,-0.49138,0.36934,-0.45495,-0.46204,-0.82231,-0.60182
-1.2736,-2.0635,-0.82803,-1.0978,-2.4483,-0.74584,-0.91834,-0.36485,-0.5799,-0.78171,-0.37263,-0.43674,-0.89715,-0.88995,-0.64493,0.058314,-0.46164,-0.21595,-0.57084,0.09957,-0.49664,-0.44831,-0.87275,-0.30368
-1.1475,-1.9994,-0.65768,-1.1815,-2.4455,-0.59028,-0.99594,-0.2799,-0.53667,-0.84385,-0.26655,-0.29454,-0.86578,-0.82327,-0.70742,0.020968,-0.40129,-0.33468,-0.60502,0.116,-0.4652,-0.269,-0.68124,-0.48553
-1.3602,-2.1992,-0.40771,-1.3183,-2.3768,-0.51739,-1.1341,-0.23546,-0.53966,-0.91324,-0.28024,-0.40951,-0.91109,-0.84078,-0.68257,-0.077438,-0.26115,-0.60289,-0.72223,0.092385,-0.5459,-0.29992,-0.48498,-0.4841
-1.3133,-2.2658,-0.21228,-1.343,-2.415,-0.55323,-1.1031,-0.30692,-0.56487,-0.89975,-0.43967,-0.21891,-0.94154,-0.83885,-0.48898,-0.13225,-0.0054347,-0.60729,-0.62974,0.11579,-0.54176,-0.29388,-0.50124,-0.20268
-0.86364,-2.0492,0.19749,-1.0734,-2.6116,-0.4009,-0.56931,-0.208,-0.2217,-0.68803,-0.33143,-0.064388,-0.78355,-0.53463,-0.45902,0.11436,0.41567,-0.42139,-0.18886,-0.029631,-0.23873,-0.1262,-0.27083,-0.14728
-0.14421,-1.4558,0.63437,-0.32956,-2.17,0.16259,-0.20333,0.20886,0.38531,-0.30188,0.21301,0.52276,-0.16347,0.068576,-0.18658,0.57019,0.9813,-0.27639,0.40188,0.091858,0.3991,0.2349,0.020407,0.34417
0.66331,-0.68646,0.97457,0.25375,-1.677,0.80806,0.11283,0.81937,0.94983,0.24244,0.8529,1.3968,0.45879,0.62215,0.28714,0.84131,1.3311,0.10201,0.98652,0.31891,0.78366,0.68747,0.24559,0.81438
1.121,-0.2507,1.2724,0.69349,-1.3052,1.2385,0.59014,1.2721,1.5469,0.55075,1.3778,1.901,0.90413,0.88068,0.80265,1.0909,1.6032,0.25556,1.3348,0.80598,1.1574,1.0358,0.57219,1.2318
1.5593,0.23046,1.6155,1.2101,-0.87227,1.4966,0.845,1.5298,1.9397,0.75165,1.6672,1.9824,1.2098,1.1029,1.2009,1.2845,1.8499,0.33771,1.6931,1.2221,1.3938,1.2921,0.80836,1.3717
1.6201,0.36379,1.7657,1.2832,-0.51657,1.6778,0.90945,1.5694,2.0858,0.84009,1.6996,1.8772,1.6216,1.1818,1.5512,1.3701,1.9503,0.58002,1.8772,1.6123,1.3718,1.3884,0.75527,1.4548
1.4422,0.26541,1.7023,1.0962,-0.28312,1.6371,0.77341,1.5648,2.0765,0.82125,1.6447,1.8538,1.8166,1.2962,1.7856,1.3925,2.0643,0.76078,1.9125,1.7848,1.4815,1.26,0.84109,1.3649
1.3065,0.30377,1.3681,1.0252,-0.11275,1.3419,0.57443,1.2524,1.7778,0.65456,1.2845,1.5654,1.5289,0.99894,1.7165,1.2666,1.8506,0.78695,1.6827,1.8547,1.4129,0.94737,0.78351,0.92837
0.97401,0.38748,0.89565,0.7798,-0.21098,1.0326,0.46637,0.84425,1.331,0.59368,0.96815,1.1759,1.2534,0.74247,1.3182,1.0792,1.558,0.73661,1.4602,1.6082,1.4936,0.61519,0.97559,0.75385
0.28579,0.18258,0.36492,0.37268,-0.38548,0.58723,0.050601,0.61916,0.75077,0.26557,0.53292,0.53569,0.68576,0.13031,1.0284,0.65127,0.91509,0.40948,0.77405,1.2153,1.089,0.078702,0.64707,0.39488
-0.30591,-0.12053,-0.094241,0.089349,-0.34296,0.19647,-0.22189,0.20955,0.42056,-0.14316,0.28064,0.11112,0.52255,-0.28483,0.71605,0.53133,0.42815,0.24032,0.33439,0.72836,0.71327,-0.30199,0.22601,0.059409
-0.69725,-0.35715,-0.61731,-0.3977,-0.59413,-0.27038,-0.23542,-0.11712,0.088866,-0.49806,-0.13616,0.042603,-0.24962,-1.0257,0.53963,0.15177,-0.17992,-0.32428,-0.080339,-0.0053295,0.39193,-0.65257,-0.30495,-0.32501
-0.98622,-0.31364,-1.1138,-0.47441,-1.1305,-0.42237,-0.12755,-0.4048,-0.29359,-0.61792,-0.36706,-0.064506,-0.24162,-1.5022,-0.56263,-0.46449,-1.1083,-0.63643,-0.27908,-0.60696,-0.48317,-0.95569,-1.1287,-0.61756
-1.0809,-0.27981,-1.3268,-0.39845,-1.034,-0.51554,-0.21001,-0.63948,-0.46665,-0.74499,-0.64474,-0.076657,-0.23341,-1.611,-1.2211,-0.61222,-1.5456,-0.63718,-0.44509,-0.7245,-0.90454,-1.155,-1.0056,-1.2409
-0.99821,-0.55046,-1.1701,-0.44723,-0.89495,-0.675,-0.70763,-0.65219,-0.67414,-0.93391,-0.79472,-0.70423,-0.42969,-1.7041,-1.1935,-0.5816,-1.5635,-0.71629,-0.63028,-0.54094,-0.95996,-1.1101,-1.1628,-1.2158
-1.0425,-0.68757,-1.1624,-0.58394,-0.76777,-0.88253,-0.97967,-0.82227,-0.90193,-1.0241,-1.052,-1.2186,-0.65134,-1.796,-1.4604,-0.81533,-1.7182,-0.84169,-0.79603,-0.76184,-1.1067,-1.1314,-1.173,-1.2241
-1.1619,-0.87362,-1.1591,-0.74619,-0.55621,-0.99122,-1.2765,-0.92205,-0.97689,-1.0342,-1.1328,-1.4514,-0.8169,-2.113,-1.161,-1.0095,-1.8097,-1.0567,-1.0566,-0.76159,-1.2707,-1.2734,-1.2785,-1.3575
-1.1915,-0.7908,-1.2502,-0.75523,-0.72953,-1.0055,-1.0662,-0.96158,-0.94103,-1.0669,-1.0575,-1.0747,-0.82784,-2.1672,-1.4412,-1.1705,-1.8302,-1.0371,-1.1699,-0.89755,-1.3255,-1.21,-1.1772,-1.116
-1.2753,-0.84339,-1.2259,-0.7879,-0.65537,-1.0132,-0.97971,-0.79167,-0.76641,-1.0532,-0.80901,-1.0194,-0.75582,-2.2339,-1.3456,-1.2918,-1.8778,-1.3154,-1.2852,-1.025,-1.2749,-1.2671,-1.0756,-0.93256
-1.1175,-0.62202,-1.1137,-0.80076,-0.20324,-1.0171,-1.0043,-0.64865,-0.67148,-0.88469,-0.65044,-0.97895,-0.27305,-2.1884,-1.1655,-1.2158,-1.8579,-1.7714,-1.2408,-0.74579,-1.1749,-1.1004,-1.1174,-0.76812
-0.91202,-0.41148,-1.0267,-0.83389,-0.22562,-1.0435,-0.89234,-0.58933,-0.66502,-0.77108,-0.35821,-0.70074,-0.061058,-1.9583,-1.3374,-1.0991,-1.765,-1.7084,-1.0235,-0.89726,-1.064,-0.98813,-1.0486,-0.81218
-0.83636,-0.41168,-0.77643,-0.64829,-0.13736,-0.8712,-0.82563,-0.41412,-0.57775,-0.43152,-0.24404,-0.66175,0.081446,-1.7244,-0.98658,-0.92769,-1.5296,-1.7424,-0.82314,-0.7216,-0.87223,-0.78925,-1.0381,-0.63952
-0.71431,-0.31129,-0.62986,-0.50605,-0.20289,-0.63332,-0.80614,-0.34131,-0.53503,-0.33988,-0.26312,-0.77998,0.093558,-1.5765,-0.73038,-0.85546,-1.343,-1.3779,-0.77257,-0.49076,-0.75199,-0.75965,-1.0677,-0.81765
-0.50029,-0.23846,-0.55939,-0.28568,-0.81665,-0.44786,-0.61855,-0.39314,-0.45752,-0.38911,-0.39202,-0.95462,-0.072784,-1.3295,-0.64883,-0.75316,-1.0339,-0.47055,-0.62333,-0.62757,-0.54712,-0.5592,-0.82591,-0.67075
-0.19235,-0.37358,-0.6393,-0.15282,-1.3598,-0.42075,-0.19823,-0.349,-0.42656,-0.29153,-0.22022,-0.88555,-0.15966,-0.87109,-1.0179,-0.59859,-0.85348,0.1847,-0.39796,-0.86102,-0.19945,-0.4093,-0.032633,-0.34493
-0.29652,-0.34241,-0.75427,-0.24649,-1.0199,-0.42082,-0.31594,-0.17728,-0.5357,-0.18495,-0.20447,-1.0591,-0.43586,-0.73764,-0.98661,-0.72178,-0.87714,0.40171,-0.47252,-0.90512,-0.3733,-0.36121,-0.1438,-0.41571
-0.39973,-0.39086,-0.68998,-0.33125,-0.9277,-0.45325,-0.33205,-0.20306,-0.67096,-0.19992,-0.28056,-1.1652,-0.49282,-0.69108,-0.96902,-0.75056,-0.81302,0.30187,-0.5066,-0.95182,-0.58726,-0.21139,-0.34193,-0.39364
-0.54266,-0.56924,-0.70188,-0.56444,-1.0363,-0.64995,-0.49457,-0.28597,-0.84818,-0.31248,-0.30156,-1.2499,-0.55095,-0.72757,-1.0015,-0.84794,-0.80276,0.21461,-0.54066,-1.1705,-0.70665,-0.27097,-0.43014,-0.59851
-0.32752,-0.35012,-0.34644,-0.49429,-0.62315,-0.49901,-0.42541,-0.2612,-0.66151,-0.12893,-0.32981,-0.89681,-0.2782,-0.70862,-0.66395,-0.66436,-0.51614,0.24542,-0.47472,-0.93962,-0.53593,-0.16712,-0.36513,-0.41304
-0.03828,-0.044597,0.069434,-0.29891,-0.18334,-0.19476,-0.26541,-0.027902,-0.42131,0.090946,-0.13444,-0.52023,0.082232,-0.68821,-0.33188,-0.35523,-0.076168,0.25011,-0.42313,-0.51335,-0.34983,0.0050508,-0.13026,-0.28511
0.26217,0.15935,0.55375,-0.047194,-0.025679,0.051014,-0.03108,0.22773,-0.069474,0.31504,0.25787,-0.30009,0.47986,-0.36242,0.27108,-0.010898,0.52969,0.2321,-0.24711,-0.12769,-0.18035,0.16204,0.0073785,0.10313
0.64735,0.33408,1.0113,0.093069,0.017565,0.34753,0.39952,0.4954,0.26479,0.52732,0.48884,0.24256,0.73439,-0.024999,0.64055,0.17431,0.86515,0.23199,-0.11552,0.1704,0.016821,0.464,0.060802,0.34177
0.93836,0.58685,1.416,0.28067,0.31344,0.70208,0.41198,0.83967,0.32303,0.79548,0.82147,0.60074,1.0371,0.37382,0.8396,0.41521,1.1062,0.26739,0.12032,0.26463,0.20083,0.69467,0.12097,0.54483
1.2798,1.0917,1.6196,0.51278,0.65498,0.87165,0.61837,1.0041,0.47523,1.0371,0.99255,0.89728,1.6402,0.74479,1.2382,0.63972,1.2058,0.39972,0.18292,0.54394,0.28678,0.65218,0.30873,0.84262
1.4453,1.3763,1.6714,0.87399,0.89329,1.0161,0.77222,0.99519,0.73089,1.1054,1.303,1.2558,1.7748,0.9269,1.4475,0.71977,1.2899,0.57908,0.32368,0.83113,0.34691,0.77315,0.54017,0.78007
1.4269,1.4236,1.8714,0.95264,1.0433,1.2635,0.82659,1.1296,0.96881,1.2833,1.6315,1.4056,1.8603,1.2265,1.879,0.92276,1.6349,0.72027,0.69129,1.1089,0.50008,1.0325,0.75466,0.93008
1.4739,1.5934,1.9366,1.0926,1.284,1.5902,0.85822,1.4313,1.2121,1.3568,1.7387,1.3756,2.1417,1.3682,2.2347,0.96199,1.8134,1.0232,0.83976,1.3878,0.68397,1.2432,1.0515,1.1492
1.7592,1.7579,2.1796,1.2505,1.4088,1.8243,0.9019,1.6063,1.4544,1.4039,1.7768,1.6225,2.2421,1.5389,2.4516,1.077,2.068,1.2218,1.0404,1.6793,0.87901,1.2948,1.1179,1.0819
1.7026,1.702,2.1571,1.2221,1.4878,1.7714,0.95275,1.5013,1.4918,1.4427,1.7415,1.8262,2.1581,1.5762,2.6891,1.1184,2.113,1.3522,1.1782,1.8195,1.0488,1.3967,1.2979,1.3599
1.5032,1.7662,1.5821,0.90081,1.4814,1.231,0.96072,1.2302,1.1655,1.4487,1.5994,1.5776,2.1043,1.3087,2.3312,0.94308,1.8894,1.5382,0.87297,2.0805,0.94621,1.1939,1.1678,1.0943
-0.47545,0.57892,0.5529,0.43025,0.81342,0.95244,0.94363,0.59367,0.57623,1.053,1.0025,1.4951,0.50137,0.62219,1.6759,-0.24352,0.0057197,1.7124,0.23362,1.2535,0.39937,0.76626,1.3492,0.91076
-1.2043,-0.060962,0.15421,0.1169,0.45807,0.32434,0.63256,0.057392,-0.0094123,0.71917,0.37511,0.49966,-0.47935,-0.066716,0.98717,-0.86324,-0.99766,0.78052,-0.67432,0.39533,-0.0039822,0.22653,1.0669,0.65432
-1.3213,-0.16278,-0.21729,-0.24524,0.62887,-0.21219,0.24079,-0.288,-0.42869,0.29689,-0.13483,0.02934,-0.56461,-0.52964,0.42421,-1.0394,-1.3016,-0.03907,-1.1571,0.011158,-0.41649,-0.11462,0.30874,0.15423
-1.4307,-0.30446,-0.63665,-0.45968,0.79884,-0.59368,0.042224,-0.48716,-0.62786,-0.0016144,-0.3731,0.085652,-1.0001,-0.87111,0.21209,-1.2629,-1.6027,-0.28307,-1.3077,-0.37983,-0.7154,-0.16546,-0.16875,0.037105
-1.2839,-0.14089,-0.6731,-0.51422,0.60196,-0.82516,-0.24915,-0.70217,-0.93358,-0.42236,-0.60798,-0.46702,-0.85887,-0.98899,-0.91672,-1.2976,-1.6166,-0.42627,-0.81178,-0.76518,-0.75553,-0.31707,-0.79658,-0.27555
-1.4132,0.092167,-0.72856,-0.37041,0.53248,-0.916,-0.23096,-0.92792,-0.98534,-0.60511,-0.91671,-0.74058,-0.8811,-1.0274,-1.64,-1.1891,-1.7093,-0.42557,-0.61311,-1.1665,-0.68442,-0.3483,-0.84001,-0.37818
-1.378,-0.081996,-0.71093,-0.36908,0.36642,-0.94049,-0.19765,-0.8504,-0.97888,-0.70743,-0.85524,-1.12,-1.0156,-1.0907,-1.448,-1.2805,-1.6416,-0.66882,-0.81821,-1.2541,-0.86323,-0.49889,-0.84645,-0.78882
-1.5547,-0.45673,-0.8239,-0.45499,-0.0047039,-0.97911,-0.50825,-0.98074,-1.0691,-1.1489,-0.97017,-1.2646,-0.98697,-1.1525,-1.346,-1.3993,-1.725,-0.79997,-0.86657,-1.246,-1.0435,-0.53436,-0.94191,-0.75368
-1.5259,-0.59187,-0.89382,-0.60168,0.010825,-1.0898,-0.6303,-0.96111,-1.1017,-1.2902,-0.88019,-1.1744,-1.0926,-1.1532,-0.99408,-1.4204,-1.7286,-0.86038,-1.0571,-1.2067,-1.0539,-0.54457,-0.81899,-0.54186
-1.4817,-0.85564,-0.8747,-0.68688,0.059491,-1.0771,-0.62101,-0.87297,-1.0309,-1.1957,-0.72231,-1.3552,-1.119,-1.0823,-0.97629,-1.3129,-1.6306,-0.60708,-1.0448,-0.9408,-0.9241,-0.48795,-0.53559,-0.6367
-1.4827,-0.95305,-0.74987,-0.71078,0.11123,-1.0337,-0.57448,-0.76217,-0.87928,-1.0045,-0.6734,-1.22,-1.2505,-1.0185,-0.99114,-1.2407,-1.541,-0.59339,-0.99238,-0.80627,-0.95126,-0.33147,-0.57259,-0.46954
-1.534,-1.1328,-0.70243,-0.93565,-0.05313,-1.0365,-0.61817,-0.59072,-0.864,-1.0176,-0.44278,-0.94703,-1.3549,-0.99799,-1.2491,-1.1599,-1.392,-0.49546,-0.80422,-0.883,-0.86603,-0.32661,-0.57972,-0.56872
-1.5481,-1.2321,-0.63377,-0.98311,-0.25551,-0.93439,-0.62089,-0.53466,-0.83611,-1.0035,-0.29637,-0.89677,-1.4496,-0.9403,-1.518,-1.103,-1.2052,-0.27773,-0.64154,-0.87561,-0.74219,-0.10096,-0.57454,-0.11008
-1.4981,-1.2498,-0.60251,-0.93442,-0.47689,-0.90597,-0.63867,-0.47172,-0.84132,-0.9614,-0.29924,-0.89763,-1.401,-0.89876,-1.5492,-1.0982,-1.046,-0.27991,-0.59759,-0.96919,-0.69499,0.075611,-0.42049,-0.27651
-1.4838,-1.3351,-0.6701,-0.84804,-0.71136,-0.94305,-0.67066,-0.59671,-0.93349,-1.0275,-0.58529,-1.1134,-1.5059,-0.78007,-1.6421,-1.0395,-0.98387,-0.27659,-0.66426,-0.90173,-0.71346,0.11257,-0.24732,-0.43345
-1.4184,-1.2312,-0.58006,-0.7138,-0.6274,-0.87204,-0.62462,-0.62763,-0.88838,-1.0542,-0.47894,-1.1109,-1.5466,-0.60215,-1.5752,-0.90958,-0.84911,-0.30375,-0.56481,-0.99366,-0.7034,0.19304,-0.28012,-0.039878
-1.2129,-1.1808,-0.40996,-0.57003,-0.61908,-0.76074,-0.5624,-0.49149,-0.82644,-0.98701,-0.38329,-1.0695,-1.437,-0.43713,-1.4844,-0.75747,-0.61944,-0.327,-0.38398,-0.8897,-0.56229,0.50823,-0.23449,0.16996
-0.88288,-1.1009,-0.1181,-0.32541,-0.70414,-0.50559,-0.49965,-0.2118,-0.6963,-0.99241,-0.19295,-1.0994,-1.3434,-0.15114,-1.497,-0.57879,-0.35407,-0.31611,-0.14647,-0.76198,-0.42947,0.63181,-0.089335,0.19187
-0.67697,-1.0814,0.18081,-0.1331,-0.82529,-0.19535,-0.35422,0.092035,-0.42696,-0.87105,0.22217,-0.69372,-1.2574,0.083035,-1.5648,-0.34881,-0.049936,-0.32014,0.02618,-0.63138,-0.31275,0.78989,0.037738,0.28979
-0.57846,-1.1495,0.11654,-0.33564,-0.97485,-0.049168,-0.2243,0.33628,-0.16996,-0.89238,0.51722,-0.67316,-1.3374,0.40048,-1.6103,-0.52584,0.0031616,-0.18784,0.17889,-0.76921,-0.1745,0.91378,0.24509,0.52155
-0.43021,-1.1806,0.17654,-0.49678,-1.1664,0.063122,-0.15526,0.47884,-0.10098,-0.85239,0.38465,-0.55817,-1.49,0.6058,-1.7242,-0.7125,0.094458,-0.07764,0.18538,-0.96279,0.041233,0.96911,0.5724,0.96836
-0.22308,-1.1339,0.39923,-0.44527,-1.2026,0.0656,-0.08886,0.54702,-0.033017,-0.66554,0.61262,-0.26807,-1.4496,0.77041,-1.7083,-0.31927,0.48395,-0.13172,0.36842,-0.78181,0.1541,1.1559,0.67843,0.88685
0.23243,-0.88791,0.80927,-0.2785,-0.91943,0.34176,0.18697,0.80207,0.12205,-0.29509,0.84555,0.19302,-1.1048,1.0108,-1.3045,-0.15029,0.84195,-0.29062,0.54384,-0.77535,0.34134,1.3421,0.64354,1.051
0.52469,-0.60758,1.0874,-0.080064,-0.75114,0.66811,0.4935,0.99728,0.23537,0.06406,0.81752,0.54919,-0.65079,1.0797,-0.99546,0.023702,1.1517,-0.58404,0.73257,-0.56301,0.38944,1.4659,0.68216,1.1028
1.0374,-0.10096,1.4781,0.30152,-0.58223,0.92623,0.93707,1.2221,0.6593,0.32499,1.3489,1.1186,0.01309,1.5526,-0.45899,0.4638,1.7232,-0.40722,1.3157,-0.15812,0.84463,1.836,0.97937,1.4331
1.2045,-0.074095,1.7783,0.443,-0.48492,1.3102,1.0976,1.3784,1.1184,0.59565,1.6812,1.5538,0.39854,2.1691,-0.21286,0.73788,2.2633,-0.29122,1.5738,0.18096,1.1231,2.0917,1.3696,1.6937
1.0886,-0.17759,1.7834,0.29177,-0.28238,1.3937,1.1474,1.532,1.274,0.84178,1.9361,1.7595,0.47885,2.4583,-0.43704,0.7537,2.3597,-0.10957,1.5837,0.41868,1.2275,1.9118,1.5285,1.6988
1.5757,0.46642,1.7615,0.8771,0.029287,1.3673,1.1752,1.4044,1.3717,0.8437,1.9493,1.5965,0.26014,2.4585,-0.737,0.66785,2.279,-0.073199,1.4027,0.45112,1.0934,1.7004,1.5449,1.6833
1.6382,0.58238,1.6201,1.0941,0.037905,1.1897,1.023,1.052,1.1551,0.64552,1.6741,1.4361,0.083771,2.446,-0.67784,0.61609,2.1936,0.048783,1.4272,0.41543,1.176,1.4773,1.4524,1.4533
1.1583,0.36031,1.315,0.69462,0.10094,0.9156,0.9382,0.80377,0.95545,0.46353,1.3899,1.1525,0.071635,2.1235,-0.3554,0.35988,1.9378,0.039867,1.112,0.43828,0.98066,1.1334,1.2477,1.1526
0.57143,0.14491,0.87267,0.14638,0.020047,0.61802,0.58718,0.43379,0.58922,0.26074,0.93513,0.92054,-0.066834,1.4651,-0.03294,-0.02789,1.4701,-0.39235,0.65371,0.22193,0.39265,0.83035,0.77476,0.89873
-0.065811,-0.073617,0.3349,-0.25148,0.056854,0.15604,0.27406,0.037281,0.11963,0.056146,0.45491,0.54781,-0.37565,0.6716,0.036368,-0.59606,0.79696,-0.89292,-0.006326,-0.011016,-0.20185,0.47593,0.28796,0.55137
-0.77452,-0.3417,-0.41861,-0.56105,-0.041569,-0.42273,-0.022219,-0.35004,-0.31428,-0.22875,-0.013249,0.04411,-0.78623,-0.24552,0.10956,-1.1506,-0.13196,-1.247,-0.80579,-0.23854,-0.72044,0.07031,-0.074421,0.21987
-1.3218,-0.59941,-0.99928,-0.84232,-0.31013,-0.89638,-0.25861,-0.73723,-0.58193,-0.57544,-0.39158,-0.16703,-1.0798,-0.87909,-0.1315,-1.3645,-0.79675,-1.458,-1.2134,-0.36011,-0.94672,-0.24232,-0.31872,-0.1598
-1.6324,-0.84362,-1.2185,-1.0556,-0.61971,-1.1018,-0.41072,-0.97712,-0.80167,-0.83807,-0.63077,-0.066578,-1.3864,-0.96101,-0.23749,-1.5197,-0.80553,-1.6918,-1.4113,-0.47951,-1.051,-0.46094,-0.43174,-0.45518
-1.8511,-1.0329,-1.4496,-1.216,-0.66561,-1.2513,-0.43799,-1.0327,-0.89596,-0.96226,-0.59461,-0.29528,-1.4595,-0.97266,-0.17552,-1.7098,-0.83689,-1.9052,-1.6546,-0.62012,-1.0731,-0.49028,-0.62964,-0.71736
-1.8225,-1.033,-1.5171,-1.2279,-0.3527,-1.3631,-0.63866,-0.98599,-0.92816,-1.0734,-0.60594,-0.45592,-1.5781,-0.87404,-0.18806,-1.8511,-0.76256,-2.1824,-1.8272,-0.70407,-1.0363,-0.45736,-0.55194,-0.58795
-1.6333,-1.1005,-1.5043,-1.304,-0.81595,-1.441,-0.57937,-0.79242,-1.1817,-1.2226,-0.52628,-0.67118,-1.6998,-0.82797,-0.92711,-1.8747,-0.75128,-2.4587,-1.6822,-1.2103,-1.1237,-0.42699,-0.70879,-0.38556
-1.5851,-1.2644,-1.5951,-1.4225,-1.5782,-1.628,-0.51037,-0.90313,-1.4179,-1.2979,-0.87241,-0.88067,-1.7913,-0.85734,-2.541,-1.9491,-1.096,-2.0217,-1.3103,-1.7259,-1.1956,-0.61563,-0.86184,-0.42154
-1.89,-1.5331,-1.9429,-1.7277,-1.4822,-1.8547,-0.96218,-1.2544,-1.5526,-1.5625,-1.0553,-1.5456,-2.1155,-1.0402,-2.2535,-2.2297,-1.3966,-1.6994,-1.6317,-1.803,-1.4668,-0.69842,-0.61674,-0.78919
-2.098,-1.6001,-2.031,-1.9981,-1.3465,-1.9808,-1.166,-1.3408,-1.7037,-1.7757,-1.1939,-1.6497,-2.251,-1.2452,-1.7941,-2.314,-1.4174,-1.8561,-1.8861,-1.5969,-1.666,-0.88311,-0.71581,-1.1879
-2.1894,-1.6048,-2.0804,-2.1805,-1.3671,-2.0799,-1.3285,-1.4148,-1.8185,-1.7904,-1.2137,-1.7015,-2.3066,-1.3285,-1.4352,-2.4221,-1.4075,-1.9144,-1.9816,-1.2811,-1.7623,-0.87604,-0.71949,-1.1179
-2.3273,-1.7621,-2.1784,-2.3886,-1.5489,-2.126,-1.4378,-1.4517,-1.8402,-1.7521,-1.2289,-1.785,-2.5032,-1.3684,-1.5556,-2.4919,-1.301,-1.9858,-2.0415,-1.5206,-1.9025,-0.76969,-0.79169,-1.2277
-2.3991,-1.8097,-2.2544,-2.4429,-1.5954,-2.0952,-1.5665,-1.5358,-1.8657,-1.8834,-1.3667,-2.012,-2.8133,-1.3634,-2.0861,-2.4932,-1.2941,-1.9198,-2.07,-2.2313,-1.9285,-0.8991,-0.87811,-1.445
-2.3667,-1.8245,-2.157,-2.5016,-1.7266,-2.0615,-1.6893,-1.523,-1.9271,-1.9907,-1.314,-1.9655,-2.948,-1.339,-2.2947,-2.3673,-1.276,-1.8843,-2.029,-2.6833,-1.8791,-0.97873,-0.96608,-1.2421
-2.1817,-1.7113,-2.0925,-2.4357,-1.8613,-2.0568,-1.6994,-1.5705,-1.923,-2.0166,-1.2912,-1.905,-3.0772,-1.2492,-2.6191,-2.211,-1.2206,-1.9934,-2.0913,-3.055,-1.8696,-0.99057,-1.0783,-1.1266
-2.0804,-1.7909,-1.9239,-2.2638,-1.8938,-1.8527,-1.5963,-1.4205,-1.7256,-2.0641,-1.1147,-1.8841,-3.1168,-1.0645,-2.8633,-2.0218,-1.1185,-1.8635,-1.9569,-3.1483,-1.7152,-0.78583,-1.0091,-1.0036
-1.4331,-1.3899,-1.5613,-1.6183,-2.3338,-1.3734,-1.2338,-1.0186,-1.4174,-1.9523,-0.81299,-1.569,-2.9426,-0.69202,-3.2596,-1.7157,-0.72683,-1.5959,-1.5084,-3.2848,-1.3503,-0.40087,-0.62486,-0.71346
-1.0933,-1.4759,-1.2306,-1.3765,-2.8206,-1.0488,-1.0359,-0.7699,-1.2319,-1.7669,-0.48152,-1.5734,-2.9478,-0.37288,-3.8175,-1.3913,-0.35107,-1.4311,-0.95268,-3.6351,-1.0133,-0.11335,-0.39795,-0.34229
-1.3587,-1.7363,-1.1354,-1.5702,-2.6589,-0.96817,-0.9445,-0.71752,-1.1616,-1.4223,-0.43143,-1.2301,-2.9196,-0.187,-3.531,-1.2506,-0.15599,-1.256,-0.68305,-3.4349,-0.79448,0.16837,-0.26418,-0.18438
-1.0487,-1.295,-1.042,-1.2972,-2.3081,-0.88848,-0.71183,-0.67774,-1.0488,-1.1381,-0.28574,-1.2439,-2.7601,-0.1202,-3.0042,-1.2226,0.007163,-1.1874,-0.67391,-3.0316,-0.72631,0.24327,-0.17097,-0.18884
-0.8996,-1.3552,-0.8843,-1.1948,-2.2886,-0.78603,-0.63786,-0.62636,-0.98226,-1.0595,-0.19102,-1.2242,-2.71,0.0072297,-2.7972,-1.1072,0.27301,-0.99106,-0.41202,-2.9282,-0.53718,0.37509,-0.17777,0.1123
-0.86993,-1.4716,-0.80966,-1.2198,-2.1912,-0.70597,-0.64235,-0.64582,-0.95754,-0.98316,-0.34915,-1.2144,-2.7662,0.11864,-2.6919,-1.1939,0.40742,-0.88894,-0.31846,-2.8725,-0.47331,0.41968,-0.1354,0.17101
-1.0031,-1.6542,-0.90386,-1.4394,-2.3356,-0.78488,-0.78763,-0.70499,-1.0396,-0.99383,-0.44312,-1.2737,-2.9144,-0.051744,-2.91,-1.2849,0.27211,-0.91113,-0.40853,-2.8539,-0.50508,0.19689,-0.13071,-0.0739
-1.1677,-1.7883,-0.94526,-1.6284,-2.6398,-0.87731,-0.8479,-0.80506,-1.165,-1.0695,-0.50698,-1.2233,-3.1201,-0.23379,-3.1615,-1.3313,0.14067,-1.2015,-0.47557,-2.9789,-0.58033,0.13202,-0.39643,-0.15103
-1.0851,-2.054,-1.0294,-1.7749,-2.8429,-0.7625,-0.88339,-0.78089,-1.1467,-1.0904,-0.54531,-1.5977,-3.3262,-0.24405,-3.5075,-1.2929,0.26979,-1.4174,-0.49356,-3.3345,-0.62473,-0.17288,-0.58597,-0.033478
-0.75065,-2.0908,-1.5275,-2.2816,-2.8858,-0.54064,-0.95861,-0.86717,-0.87345,-0.92886,-0.36805,-1.9,-3.3973,0.053612,-4.0239,-1.3272,0.18191,-1.4858,-0.78729,-3.764,-0.89924,-1.3208,-0.56021,0.011914
-0.17293,-1.9538,-2.0136,-2.4884,-2.8576,-0.093751,-0.93208,-0.94581,-0.07979,-0.40266,-0.28251,-1.5285,-3.7511,0.54409,-4.7975,-1.3489,0.19525,-1.632,-0.70156,-3.9883,-0.82614,-1.8706,-0.508,0.035308
0.053857,-1.7892,-1.1958,-1.6922,-2.8224,-0.10612,-0.64996,-0.72961,0.043312,-0.3209,-0.17812,-0.68693,-3.5112,1.0796,-4.7941,-1.0481,0.39461,-1.1086,-0.4702,-4.0364,-0.61562,-1.3784,-0.32404,0.33401
0.46526,-1.5459,-0.78971,-1.3765,-2.8607,0.1648,-0.45705,-0.46018,0.25534,-0.17108,0.26948,-0.43286,-3.2781,1.6167,-4.6477,-0.65673,0.87316,-0.71674,-0.098134,-3.7939,-0.20899,-1.0313,0.04012,0.67008
0.41399,-1.3986,-1.2903,-1.4657,-2.7774,0.40662,-0.31124,-0.43409,0.39867,0.21951,0.012219,-0.30647,-3.123,1.4451,-4.5626,-0.54768,0.37355,-0.51191,-0.69744,-3.5616,-0.12972,-1.6932,0.18532,0.29435
